{
  "project_info": {
    "project_number": "58466225277",
    "project_id": "duckbankbd",
    "storage_bucket": "duckbankbd.appspot.com"
  },
  "client": [
    {
      "client_info": {
        "mobilesdk_app_id": "1:58466225277:android:546887d3108508d0a37514",
        "android_client_info": {
          "package_name": "com.example.duckbank"
        }
      },
      "oauth_client": [
        {
          "client_id": "58466225277-jq5g1d8sefi7ujft32h771s0ecvug8v0.apps.googleusercontent.com",
          "client_type": 3
        }
      ],
      "api_key": [
        {
          "current_key": "AIzaSyA1apG-9HWfyGtKeCzq3dwqIU5kHDIBlsk"
        }
      ],
      "services": {
        "appinvite_service": {
          "other_platform_oauth_client": [
            {
              "client_id": "58466225277-jq5g1d8sefi7ujft32h771s0ecvug8v0.apps.googleusercontent.com",
              "client_type": 3
            }
          ]
        }
      }
    }
  ],
  "configuration_version": "1"
}